{
  "data_shape": [
    191,
    632
  ],
  "labels": {
    "0": 61,
    "1": 130
  },
  "results": [
    {
      "name": "logreg",
      "acc": 0.774869109947644,
      "bal": 0.7563051702395964,
      "f1": 0.8300395256916996,
      "gap": 0.22513089005235598,
      "cm": [
        [
          43,
          18
        ],
        [
          25,
          105
        ]
      ],
      "by_subject": [
        [
          1,
          0.9259259259259259,
          27
        ],
        [
          2,
          0.6363636363636364,
          22
        ],
        [
          3,
          0.95,
          20
        ],
        [
          4,
          0.85,
          20
        ],
        [
          5,
          0.55,
          20
        ],
        [
          6,
          0.6190476190476191,
          21
        ],
        [
          7,
          0.8,
          20
        ],
        [
          8,
          0.8333333333333334,
          18
        ],
        [
          9,
          0.782608695652174,
          23
        ]
      ]
    },
    {
      "name": "ridge",
      "acc": 0.7277486910994765,
      "bal": 0.7086380832282471,
      "f1": 0.792,
      "gap": 0.2722513089005235,
      "cm": [
        [
          40,
          21
        ],
        [
          31,
          99
        ]
      ],
      "by_subject": [
        [
          1,
          0.8148148148148148,
          27
        ],
        [
          2,
          0.6818181818181818,
          22
        ],
        [
          3,
          1.0,
          20
        ],
        [
          4,
          0.8,
          20
        ],
        [
          5,
          0.45,
          20
        ],
        [
          6,
          0.5714285714285714,
          21
        ],
        [
          7,
          0.8,
          20
        ],
        [
          8,
          0.7222222222222222,
          18
        ],
        [
          9,
          0.6956521739130435,
          23
        ]
      ]
    },
    {
      "name": "linear_svc",
      "acc": 0.7643979057591623,
      "bal": 0.7747162673392182,
      "f1": 0.8117154811715481,
      "gap": 0.23560209424083767,
      "cm": [
        [
          49,
          12
        ],
        [
          33,
          97
        ]
      ],
      "by_subject": [
        [
          1,
          0.9259259259259259,
          27
        ],
        [
          2,
          0.5,
          22
        ],
        [
          3,
          0.95,
          20
        ],
        [
          4,
          0.8,
          20
        ],
        [
          5,
          0.65,
          20
        ],
        [
          6,
          0.5238095238095238,
          21
        ],
        [
          7,
          0.95,
          20
        ],
        [
          8,
          0.7222222222222222,
          18
        ],
        [
          9,
          0.8260869565217391,
          23
        ]
      ]
    },
    {
      "name": "rbf_svc",
      "acc": 0.6649214659685864,
      "bal": 0.6537831021437579,
      "f1": 0.7355371900826446,
      "gap": 0.3298370161311456,
      "cm": [
        [
          38,
          23
        ],
        [
          41,
          89
        ]
      ],
      "by_subject": [
        [
          1,
          0.8148148148148148,
          27
        ],
        [
          2,
          0.22727272727272727,
          22
        ],
        [
          3,
          0.8,
          20
        ],
        [
          4,
          0.85,
          20
        ],
        [
          5,
          0.5,
          20
        ],
        [
          6,
          0.5714285714285714,
          21
        ],
        [
          7,
          0.75,
          20
        ],
        [
          8,
          0.6111111111111112,
          18
        ],
        [
          9,
          0.8260869565217391,
          23
        ]
      ]
    },
    {
      "name": "extra_trees",
      "acc": 0.675392670157068,
      "bal": 0.6266708701134931,
      "f1": 0.7615384615384615,
      "gap": 0.32460732984293195,
      "cm": [
        [
          30,
          31
        ],
        [
          31,
          99
        ]
      ],
      "by_subject": [
        [
          1,
          0.8148148148148148,
          27
        ],
        [
          2,
          0.22727272727272727,
          22
        ],
        [
          3,
          0.75,
          20
        ],
        [
          4,
          0.85,
          20
        ],
        [
          5,
          0.55,
          20
        ],
        [
          6,
          0.5714285714285714,
          21
        ],
        [
          7,
          0.7,
          20
        ],
        [
          8,
          0.7222222222222222,
          18
        ],
        [
          9,
          0.8695652173913043,
          23
        ]
      ]
    },
    {
      "name": "rf",
      "acc": 0.6701570680628273,
      "bal": 0.6184741488020176,
      "f1": 0.7586206896551724,
      "gap": 0.32984293193717273,
      "cm": [
        [
          29,
          32
        ],
        [
          31,
          99
        ]
      ],
      "by_subject": [
        [
          1,
          0.8148148148148148,
          27
        ],
        [
          2,
          0.13636363636363635,
          22
        ],
        [
          3,
          0.8,
          20
        ],
        [
          4,
          0.8,
          20
        ],
        [
          5,
          0.55,
          20
        ],
        [
          6,
          0.5714285714285714,
          21
        ],
        [
          7,
          0.7,
          20
        ],
        [
          8,
          0.7777777777777778,
          18
        ],
        [
          9,
          0.8695652173913043,
          23
        ]
      ]
    },
    {
      "name": "histgb",
      "acc": 0.7172774869109948,
      "bal": 0.6835435056746533,
      "f1": 0.7890625,
      "gap": 0.2827225130890052,
      "cm": [
        [
          36,
          25
        ],
        [
          29,
          101
        ]
      ],
      "by_subject": [
        [
          1,
          0.8518518518518519,
          27
        ],
        [
          2,
          0.2727272727272727,
          22
        ],
        [
          3,
          0.7,
          20
        ],
        [
          4,
          0.8,
          20
        ],
        [
          5,
          0.7,
          20
        ],
        [
          6,
          0.7619047619047619,
          21
        ],
        [
          7,
          0.6,
          20
        ],
        [
          8,
          0.8888888888888888,
          18
        ],
        [
          9,
          0.8695652173913043,
          23
        ]
      ]
    },
    {
      "name": "gb",
      "acc": 0.7329842931937173,
      "bal": 0.7081336696090794,
      "f1": 0.7984189723320159,
      "gap": 0.2670157068062827,
      "cm": [
        [
          39,
          22
        ],
        [
          29,
          101
        ]
      ],
      "by_subject": [
        [
          1,
          0.8148148148148148,
          27
        ],
        [
          2,
          0.2727272727272727,
          22
        ],
        [
          3,
          0.75,
          20
        ],
        [
          4,
          0.85,
          20
        ],
        [
          5,
          0.9,
          20
        ],
        [
          6,
          0.6666666666666666,
          21
        ],
        [
          7,
          0.7,
          20
        ],
        [
          8,
          0.8333333333333334,
          18
        ],
        [
          9,
          0.8260869565217391,
          23
        ]
      ]
    },
    {
      "name": "mlp",
      "acc": 0.7591623036649214,
      "bal": 0.6708070617906683,
      "f1": 0.8380281690140845,
      "gap": 0.14384353683194973,
      "cm": [
        [
          26,
          35
        ],
        [
          11,
          119
        ]
      ],